{"cameraMode":{"drawMode":0,"name":"Shaded","section":"Shading Mode"},"sceneLighting":true,"audioPlay":false,"sceneViewState":{"showFog":true,"showMaterialUpdate":true,"showSkybox":true,"showFlares":true,"showImageEffects":true,"showParticleSystems":true},"in2DMode":false,"pivot":{"x":-36.07042694091797,"y":7.325650215148926,"z":31.44955825805664},"rotation":{"x":0.05393683537840843,"y":-0.03714684396982193,"z":0.0020599833223968746,"w":0.9979101419448853},"size":4.250962257385254,"orthographic":false}