{"cameraMode":{"drawMode":0,"name":"Shaded","section":"Shading Mode"},"sceneLighting":false,"audioPlay":false,"sceneViewState":{"showFog":true,"showMaterialUpdate":true,"showSkybox":false,"showFlares":true,"showImageEffects":true,"showParticleSystems":true},"in2DMode":false,"pivot":{"x":4.000433921813965,"y":-1.153421401977539,"z":3.822888135910034},"rotation":{"x":-0.061071909964084628,"y":-0.49712494015693667,"z":0.035104263573884967,"w":-0.8648255467414856},"size":5.6554646492004398,"orthographic":false}