{"cameraMode":{"drawMode":0,"name":"Shaded","section":"Shading Mode"},"sceneLighting":false,"audioPlay":false,"sceneViewState":{"showFog":true,"showMaterialUpdate":true,"showSkybox":false,"showFlares":true,"showImageEffects":true,"showParticleSystems":true},"in2DMode":false,"pivot":{"x":-7.893213748931885,"y":-22.446025848388673,"z":-1.3300288915634156},"rotation":{"x":-0.00748751824721694,"y":-0.97618567943573,"z":0.2157861292362213,"w":-0.04018104076385498},"size":14.902419090270996,"orthographic":false}