{"cameraMode":{"drawMode":0,"name":"Shaded","section":"Shading Mode"},"sceneLighting":false,"audioPlay":false,"sceneViewState":{"showFog":true,"showMaterialUpdate":true,"showSkybox":false,"showFlares":true,"showImageEffects":true,"showParticleSystems":true},"in2DMode":false,"pivot":{"x":2.9802322387695315e-8,"y":-0.009005606174468995,"z":0.14709365367889405},"rotation":{"x":0.12946537137031556,"y":0.7948606610298157,"z":-0.18175789713859559,"w":0.5646308660507202},"size":4.548335552215576,"orthographic":false}