{"cameraMode":{"drawMode":0,"name":"Shaded","section":"Shading Mode"},"sceneLighting":false,"audioPlay":false,"sceneViewState":{"showFog":true,"showMaterialUpdate":true,"showSkybox":false,"showFlares":true,"showImageEffects":true,"showParticleSystems":true},"in2DMode":false,"pivot":{"x":-0.18050003051757813,"y":-0.2211499810218811,"z":0.6260499954223633},"rotation":{"x":0.1180732250213623,"y":-0.050023093819618228,"z":0.0059557161293923859,"w":0.9917335510253906},"size":4.951239109039307,"orthographic":false}