{"cameraMode":{"drawMode":0,"name":"Shaded","section":"Shading Mode"},"sceneLighting":true,"audioPlay":false,"sceneViewState":{"showFog":true,"showMaterialUpdate":true,"showSkybox":true,"showFlares":true,"showImageEffects":true,"showParticleSystems":true},"in2DMode":false,"pivot":{"x":154.8525390625,"y":26.00910186767578,"z":8.077495574951172},"rotation":{"x":0.009840497747063637,"y":-0.9274857640266419,"z":0.3747282326221466,"w":0.021742861717939378},"size":39.30632781982422,"orthographic":false}