{"cameraMode":{"drawMode":0,"name":"Shaded","section":"Shading Mode"},"sceneLighting":true,"audioPlay":false,"sceneViewState":{"showFog":true,"showMaterialUpdate":true,"showSkybox":true,"showFlares":true,"showImageEffects":true,"showParticleSystems":true},"in2DMode":false,"pivot":{"x":-3.41322660446167,"y":5.976261615753174,"z":-6.752054214477539},"rotation":{"x":-0.09143632650375366,"y":-0.6038890480995178,"z":0.07017417997121811,"w":-0.7888872623443604},"size":6.431994915008545,"orthographic":false}