{"cameraMode":{"drawMode":0,"name":"Shaded","section":"Shading Mode"},"sceneLighting":false,"audioPlay":false,"sceneViewState":{"showFog":true,"showMaterialUpdate":true,"showSkybox":false,"showFlares":true,"showImageEffects":true,"showParticleSystems":true},"in2DMode":false,"pivot":{"x":5.960464477539063e-8,"y":5.960464477539063e-8,"z":1.4901161193847657e-8},"rotation":{"x":-0.03530897572636604,"y":0.963686466217041,"z":-0.16195805370807649,"w":-0.2102336585521698},"size":3.8451130390167238,"orthographic":false}