{"cameraMode":{"drawMode":0,"name":"Shaded","section":"Shading Mode"},"sceneLighting":true,"audioPlay":false,"sceneViewState":{"showFog":true,"showMaterialUpdate":true,"showSkybox":true,"showFlares":true,"showImageEffects":true,"showParticleSystems":true},"in2DMode":false,"pivot":{"x":-1.9424318075180054,"y":6.808155536651611,"z":-2.8782081604003908},"rotation":{"x":0.006887768395245075,"y":0.754723846912384,"z":0.00792483426630497,"w":-0.6559590697288513},"size":5.352674961090088,"orthographic":false}