{"cameraMode":{"drawMode":0,"name":"Shaded","section":"Shading Mode"},"sceneLighting":true,"audioPlay":false,"sceneViewState":{"showFog":true,"showMaterialUpdate":true,"showSkybox":true,"showFlares":true,"showImageEffects":true,"showParticleSystems":true},"in2DMode":false,"pivot":{"x":-1.7487812042236329,"y":15.081121444702149,"z":-9.580894470214844},"rotation":{"x":-0.13827255368232728,"y":0.5952332019805908,"z":-0.10470994561910629,"w":-0.7847324013710022},"size":7.544031620025635,"orthographic":false}