{"cameraMode":{"drawMode":0,"name":"Shaded","section":"Shading Mode"},"sceneLighting":false,"audioPlay":false,"sceneViewState":{"showFog":true,"showMaterialUpdate":true,"showSkybox":false,"showFlares":true,"showImageEffects":true,"showParticleSystems":true},"in2DMode":false,"pivot":{"x":-18.423627853393556,"y":5.099999904632568,"z":79.0},"rotation":{"x":0.0475674644112587,"y":-0.6340619921684265,"z":0.038933079689741138,"w":0.7710095047950745},"size":2.8578836917877199,"orthographic":false}