{"cameraMode":{"drawMode":0,"name":"Shaded","section":"Shading Mode"},"sceneLighting":false,"audioPlay":false,"sceneViewState":{"showFog":true,"showMaterialUpdate":true,"showSkybox":false,"showFlares":true,"showImageEffects":true,"showParticleSystems":true},"in2DMode":false,"pivot":{"x":-1.1082581281661988,"y":-1.1705281734466553,"z":3.2950263023376467},"rotation":{"x":-0.10714007914066315,"y":0.2524212598800659,"z":-0.02813609689474106,"w":-0.9612607955932617},"size":3.5554637908935549,"orthographic":false}