{"cameraMode":{"drawMode":0,"name":"Shaded","section":"Shading Mode"},"sceneLighting":true,"audioPlay":false,"sceneViewState":{"showFog":true,"showMaterialUpdate":true,"showSkybox":true,"showFlares":true,"showImageEffects":true,"showParticleSystems":true},"in2DMode":false,"pivot":{"x":-15.326404571533204,"y":-24.674251556396486,"z":-11.375041007995606},"rotation":{"x":0.03933417424559593,"y":-0.9593356847763062,"z":0.2182384878396988,"w":0.1774594634771347},"size":29.07000160217285,"orthographic":false}