{"cameraMode":{"drawMode":0,"name":"Shaded","section":"Shading Mode"},"sceneLighting":false,"audioPlay":false,"sceneViewState":{"showFog":true,"showMaterialUpdate":true,"showSkybox":false,"showFlares":true,"showImageEffects":true,"showParticleSystems":true},"in2DMode":false,"pivot":{"x":0.006441393867135048,"y":-1.1881985664367676,"z":0.6519701480865479},"rotation":{"x":-0.18271881341934205,"y":0.15152013301849366,"z":-0.028512904420495034,"w":-0.97100430727005},"size":3.5554637908935549,"orthographic":false}