{"cameraMode":{"drawMode":0,"name":"Shaded","section":"Shading Mode"},"sceneLighting":true,"audioPlay":false,"sceneViewState":{"showFog":true,"showMaterialUpdate":true,"showSkybox":true,"showFlares":true,"showImageEffects":true,"showParticleSystems":true},"in2DMode":false,"pivot":{"x":7.91603946685791,"y":-11.038750648498536,"z":4.808017730712891},"rotation":{"x":0.10485287010669708,"y":-0.6701366305351257,"z":0.09589805454015732,"w":0.729269802570343},"size":9.00745964050293,"orthographic":false}