{"cameraMode":{"drawMode":0,"name":"Shaded","section":"Shading Mode"},"sceneLighting":true,"audioPlay":false,"sceneViewState":{"showFog":true,"showMaterialUpdate":true,"showSkybox":true,"showFlares":true,"showImageEffects":true,"showParticleSystems":true},"in2DMode":false,"pivot":{"x":-3.499126672744751,"y":6.640791416168213,"z":-6.10222053527832},"rotation":{"x":-0.05181349813938141,"y":-0.5655459761619568,"z":0.03578091785311699,"w":-0.8224977254867554},"size":6.431994915008545,"orthographic":false}