{"cameraMode":{"drawMode":0,"name":"Shaded","section":"Shading Mode"},"sceneLighting":false,"audioPlay":false,"sceneViewState":{"showFog":true,"showMaterialUpdate":true,"showSkybox":false,"showFlares":true,"showImageEffects":true,"showParticleSystems":true},"in2DMode":false,"pivot":{"x":370.29119873046877,"y":315.4632568359375,"z":12.392294883728028},"rotation":{"x":0.0013506922405213118,"y":-0.9843885898590088,"z":0.17760217189788819,"w":0.00803268700838089},"size":9.193638801574707,"orthographic":false}